{
    "tags": {
        "allowUnknownTags": false
    },
    "source": {
        "include": [
            "web-app/Tetris.js",
            "web-app/Score.js"
        ],
        "includePattern": "\\.js$",
        "excludePattern": "(node_modules/|docs)"
    },
    "plugins": [
        "plugins/markdown"
    ],
    "opts": {
        "template": "node_modules/docdash",
        "encoding": "utf8",
        "destination": "docs/",
        "recurse": true,
        "verbose": true
    },
    "templates": {
        "cleverLinks": true,
        "monospaceLinks": false
    },
    "docdash": {
        "collapse": false
    }
}
